OlinkID	UniProt	Assay	Panel
OID20049	P16860	NPPB	Cardiometabolic
OID20050	P19429	TNNI3	Cardiometabolic
OID20051	P61978	HNRNPK	Cardiometabolic
OID20052	P17676	CEBPB	Cardiometabolic
OID20053	P08670	VIM	Cardiometabolic
OID20054	O96017	CHEK2	Cardiometabolic
OID20055	P34998	CRHR1	Cardiometabolic
OID20056	Q969D9	TSLP	Cardiometabolic
OID20057	P55082	MFAP3	Cardiometabolic
OID20058	O95988	TCL1B	Cardiometabolic
OID20059	Q9NRD8	DUOX2	Cardiometabolic
OID20061	Q16619	CTF1	Cardiometabolic
OID20062	P17516	AKR1C4	Cardiometabolic
OID20063	Q9NRV9	HEBP1	Cardiometabolic
OID20064	P36952	SERPINB5	Cardiometabolic
OID20065	P52789	HK2	Cardiometabolic
OID20066	P34947	GRK5	Cardiometabolic
OID20067	Q96N03	VSTM2L	Cardiometabolic
OID20068	P31483	TIA1	Cardiometabolic
OID20069	Q9Y2B0	CNPY2	Cardiometabolic
OID20070	O43186	CRX	Cardiometabolic
OID20071	O95183	VAMP5	Cardiometabolic
OID20072	Q6UWL2	SUSD1	Cardiometabolic
OID20073	Q9UKL0	RCOR1	Cardiometabolic
OID20074	P01375	TNF	Cardiometabolic
OID20473	P01375	TNF	Inflammation
OID20848	P01375	TNF	Neurology
OID21237	P01375	TNF	Oncology
OID20075	P35218	CA5A	Cardiometabolic
OID20076	P51161	FABP6	Cardiometabolic
OID20077	Q15831	STK11	Cardiometabolic
OID20078	O60635	TSPAN1	Cardiometabolic
OID20079	P62736	ACTA2	Cardiometabolic
OID20080	P58546	MTPN	Cardiometabolic
OID20081	O43854	EDIL3	Cardiometabolic
OID20082	Q13105	ZBTB17	Cardiometabolic
OID20083	P21246	PTN	Cardiometabolic
OID20084	O95684	CEP43	Cardiometabolic
OID20085	Q12912	IRAG2	Cardiometabolic
OID20086	P21964	COMT	Cardiometabolic
OID20087	P09237	MMP7	Cardiometabolic
OID20088	Q15165	PON2	Cardiometabolic
OID20089	Q8TE57	ADAMTS16	Cardiometabolic
OID20090	P55259	GP2	Cardiometabolic
OID20091	Q92558	WASF1	Cardiometabolic
OID20092	Q99549	MPHOSPH8	Cardiometabolic
OID20093	Q8NHS0	DNAJB8	Cardiometabolic
OID20094	Q9H5Y7	SLITRK6	Cardiometabolic
OID20095	O15354	GPR37	Cardiometabolic
OID20096	P20718	GZMH	Cardiometabolic
OID20097	P13807	GYS1	Cardiometabolic
OID20098	P40225	THPO	Cardiometabolic
OID20099	Q8NC01	CLEC1A	Cardiometabolic
OID20100	O75354	ENTPD6	Cardiometabolic
OID20101	P05231	IL6	Cardiometabolic
OID20563	P05231	IL6	Inflammation
OID20911	P05231	IL6	Neurology
OID21276	P05231	IL6	Oncology
OID20102	P31997	CEACAM8	Cardiometabolic
OID20103	P25815	S100P	Cardiometabolic
OID20104	O75356	ENTPD5	Cardiometabolic
OID20105	Q9BYF1	ACE2	Cardiometabolic
OID20106	P07585	DCN	Cardiometabolic
OID20107	Q04760	GLO1	Cardiometabolic
OID20108	Q9NWQ8	PAG1	Cardiometabolic
OID20109	Q13444	ADAM15	Cardiometabolic
OID20110	P40818	USP8	Cardiometabolic
OID20111	P22004	BMP6	Cardiometabolic
OID20112	Q9UKP3	ITGB1BP2	Cardiometabolic
OID20113	P09668	CTSH	Cardiometabolic
OID20114	P46379	BAG6	Cardiometabolic
OID20115	O14793	MSTN	Cardiometabolic
OID20116	Q9BWV1	BOC	Cardiometabolic
OID20117	P08319	ADH4	Cardiometabolic
OID20118	P09496	CLTA	Cardiometabolic
OID20119	P34913	EPHX2	Cardiometabolic
OID20120	Q96A56	TP53INP1	Cardiometabolic
OID20121	Q9Y4X3	CCL27	Cardiometabolic
OID20122	P00568	AK1	Cardiometabolic
OID20123	P09525	ANXA4	Cardiometabolic
OID20124	Q15067	ACOX1	Cardiometabolic
OID20125	NTproBNP	NTproBNP	Cardiometabolic
OID20126	Q05315	CLC	Cardiometabolic
OID20127	Q6PJW8	CNST	Cardiometabolic
OID20128	P48357	LEPR	Cardiometabolic
OID20129	P01222	TSHB	Cardiometabolic
OID20130	P31949	S100A11	Cardiometabolic
OID20131	Q9H7M9	VSIR	Cardiometabolic
OID20132	O14917	PCDH17	Cardiometabolic
OID20133	P16234	PDGFRA	Cardiometabolic
OID20134	Q12864	CDH17	Cardiometabolic
OID20135	Q9Y5X1	SNX9	Cardiometabolic
OID20136	Q16620	NTRK2	Cardiometabolic
OID20137	Q03154	ACY1	Cardiometabolic
OID20138	O60496	DOK2	Cardiometabolic
OID20139	P21549	AGXT	Cardiometabolic
OID20140	Q13043	STK4	Cardiometabolic
OID20141	P21980	TGM2	Cardiometabolic
OID20142	Q9UHL4	DPP7	Cardiometabolic
OID20143	O60664	PLIN3	Cardiometabolic
OID20144	O94903	PLPBP	Cardiometabolic
OID20145	Q9UMF0	ICAM5	Cardiometabolic
OID20146	P10644	PRKAR1A	Cardiometabolic
OID20147	P40189	IL6ST	Cardiometabolic
OID20148	Q9H773	DCTPP1	Cardiometabolic
OID20149	Q6GTS8	PM20D1	Cardiometabolic
OID20150	Q53H82	LACTB2	Cardiometabolic
OID20151	Q13158	FADD	Cardiometabolic
OID20152	Q99674	CGREF1	Cardiometabolic
OID20153	P10145	CXCL8	Cardiometabolic
OID20631	P10145	CXCL8	Inflammation
OID20997	P10145	CXCL8	Neurology
OID21430	P10145	CXCL8	Oncology
OID20154	P09382	LGALS1	Cardiometabolic
OID20155	Q8WX77	IGFBPL1	Cardiometabolic
OID20156	P41218	MNDA	Cardiometabolic
OID20157	P55285	CDH6	Cardiometabolic
OID20158	Q9UHD0	IL19	Cardiometabolic
OID20159	P16112	ACAN	Cardiometabolic
OID20160	Q9ULL4	PLXNB3	Cardiometabolic
OID20161	Q06418	TYRO3	Cardiometabolic
OID20162	Q13541	EIF4EBP1	Cardiometabolic
OID20163	O75340	PDCD6	Cardiometabolic
OID20164	P51693	APLP1	Cardiometabolic
OID20165	Q9NY25	CLEC5A	Cardiometabolic
OID20166	P08263	GSTA1	Cardiometabolic
OID20167	Q969P0	IGSF8	Cardiometabolic
OID20168	Q16820	MEP1B	Cardiometabolic
OID20169	P18827	SDC1	Cardiometabolic
OID20170	P19022	CDH2	Cardiometabolic
OID20171	Q8NI22	MCFD2	Cardiometabolic
OID20172	Q96LA6	FCRL1	Cardiometabolic
OID20173	Q14956	GPNMB	Cardiometabolic
OID20174	P09417	QDPR	Cardiometabolic
OID20175	Q9UBU3	GHRL	Cardiometabolic
OID20176	P41236	PPP1R2	Cardiometabolic
OID20177	Q9Y5K6	CD2AP	Cardiometabolic
OID20178	O95544	NADK	Cardiometabolic
OID20179	P27352	CBLIF	Cardiometabolic
OID20180	Q9GZM7	TINAGL1	Cardiometabolic
OID20181	Q8WVQ1	CANT1	Cardiometabolic
OID20182	Q8WTU2	SSC4D	Cardiometabolic
OID20183	P78380	OLR1	Cardiometabolic
OID20184	Q9NR28	DIABLO	Cardiometabolic
OID20185	Q86VZ4	LRP11	Cardiometabolic
OID20186	Q13275	SEMA3F	Cardiometabolic
OID20187	P41159	LEP	Cardiometabolic
OID20188	P06858	LPL	Cardiometabolic
OID20189	Q8IZP9	ADGRG2	Cardiometabolic
OID20190	Q9Y286	SIGLEC7	Cardiometabolic
OID20191	O95502	NPTXR	Cardiometabolic
OID20192	O75791	GRAP2	Cardiometabolic
OID20193	Q9HBB8	CDHR5	Cardiometabolic
OID20194	P52888	THOP1	Cardiometabolic
OID20195	P35754	GLRX	Cardiometabolic
OID20196	P21583	KITLG	Cardiometabolic
OID20197	Q9UKJ0	PILRB	Cardiometabolic
OID20198	Q15846	CLUL1	Cardiometabolic
OID20199	P23526	AHCY	Cardiometabolic
OID20200	P12104	FABP2	Cardiometabolic
OID20201	P00797	REN	Cardiometabolic
OID20202	Q9UK05	GDF2	Cardiometabolic
OID20203	P12724	RNASE3	Cardiometabolic
OID20204	Q9BQB4	SOST	Cardiometabolic
OID20205	Q9NQX5	NPDC1	Cardiometabolic
OID20206	Q07108	CD69	Cardiometabolic
OID20207	P42830	CXCL5	Cardiometabolic
OID20208	P02462	COL4A1	Cardiometabolic
OID20209	A6NI73	LILRA5	Cardiometabolic
OID20210	Q9UEW3	MARCO	Cardiometabolic
OID20211	O95841	ANGPTL1	Cardiometabolic
OID20212	Q9BQR3	PRSS27	Cardiometabolic
OID20213	Q99523	SORT1	Cardiometabolic
OID20214	P35247	SFTPD	Cardiometabolic
OID20215	P20711	DDC	Cardiometabolic
OID20216	P31431	SDC4	Cardiometabolic
OID20217	P09601	HMOX1	Cardiometabolic
OID20218	O00161	SNAP23	Cardiometabolic
OID20219	Q8IW75	SERPINA12	Cardiometabolic
OID20220	P01241	GH1	Cardiometabolic
OID20221	Q9BUD6	SPON2	Cardiometabolic
OID20222	Q92692	NECTIN2	Cardiometabolic
OID20223	Q6WN34	CHRDL2	Cardiometabolic
OID20224	Q01973	ROR1	Cardiometabolic
OID20225	Q8N1Q1	CA13	Cardiometabolic
OID20226	Q76M96	CCDC80	Cardiometabolic
OID20227	P09467	FBP1	Cardiometabolic
OID20228	P07711	CTSL	Cardiometabolic
OID20229	Q92823	NRCAM	Cardiometabolic
OID20230	P04792	HSPB1	Cardiometabolic
OID20231	P07204	THBD	Cardiometabolic
OID20232	Q16773	KYAT1	Cardiometabolic
OID20233	Q92520	FAM3C	Cardiometabolic
OID20234	P19971	TYMP	Cardiometabolic
OID20235	Q8NBP7	PCSK9	Cardiometabolic
OID20236	Q16270	IGFBP7	Cardiometabolic
OID20237	P07911	UMOD	Cardiometabolic
OID20238	P55058	PLTP	Cardiometabolic
OID20239	Q13361	MFAP5	Cardiometabolic
OID20240	P01130	LDLR	Cardiometabolic
OID20241	P22748	CA4	Cardiometabolic
OID20242	P54760	EPHB4	Cardiometabolic
OID20243	P33151	CDH5	Cardiometabolic
OID20244	P23141	CES1	Cardiometabolic
OID20245	P15090	FABP4	Cardiometabolic
OID20246	P08833	IGFBP1	Cardiometabolic
OID20247	P00750	PLAT	Cardiometabolic
OID20248	P13598	ICAM2	Cardiometabolic
OID20249	Q76LX8	ADAMTS13	Cardiometabolic
OID20250	Q01638	IL1RL1	Cardiometabolic
OID20251	Q99988	GDF15	Cardiometabolic
OID20252	P04054	PLA2G1B	Cardiometabolic
OID20253	Q9UM47	NOTCH3	Cardiometabolic
OID20254	Q14767	LTBP2	Cardiometabolic
OID20255	Q03167	TGFBR3	Cardiometabolic
OID20256	P04275	VWF	Cardiometabolic
OID20257	Q5VY43	PEAR1	Cardiometabolic
OID20258	Q06141	REG3A	Cardiometabolic
OID20259	P55808	XG	Cardiometabolic
OID20260	P48960	ADGRE5	Cardiometabolic
OID20261	P04066	FUCA1	Cardiometabolic
OID20262	Q9NNX6	CD209	Cardiometabolic
OID20263	P02144	MB	Cardiometabolic
OID20264	Q9UBP4	DKK3	Cardiometabolic
OID20265	O14798	TNFRSF10C	Cardiometabolic
OID20266	P48304	REG1B	Cardiometabolic
OID20267	P01589	IL2RA	Cardiometabolic
OID20268	P09619	PDGFRB	Cardiometabolic
OID20269	P08581	MET	Cardiometabolic
OID20270	Q96AP7	ESAM	Cardiometabolic
OID20271	P07451	CA3	Cardiometabolic
OID20272	Q9Y275	TNFSF13B	Cardiometabolic
OID20273	Q13740	ALCAM	Cardiometabolic
OID20274	P14555	PLA2G2A	Cardiometabolic
OID20275	P08118	MSMB	Cardiometabolic
OID20276	P07858	CTSB	Cardiometabolic
OID20277	P32942	ICAM3	Cardiometabolic
OID20278	Q07507	DPT	Cardiometabolic
OID20279	Q9NQ79	CRTAC1	Cardiometabolic
OID20280	P15085	CPA1	Cardiometabolic
OID20281	Q86U17	SERPINA11	Cardiometabolic
OID20282	Q9H2A7	CXCL16	Cardiometabolic
OID20283	O75326	SEMA7A	Cardiometabolic
OID20284	P17931	LGALS3	Cardiometabolic
OID20285	Q9H1U4	MEGF9	Cardiometabolic
OID20286	P31146	CORO1A	Cardiometabolic
OID20287	P17813	ENG	Cardiometabolic
OID20288	Q13822	ENPP2	Cardiometabolic
OID20289	P15086	CPB1	Cardiometabolic
OID20290	P16581	SELE	Cardiometabolic
OID20291	P19021	PAM	Cardiometabolic
OID20292	P12111	COL6A3	Cardiometabolic
OID20293	Q15828	CST6	Cardiometabolic
OID20294	P04080	CSTB	Cardiometabolic
OID20295	P80370	DLK1	Cardiometabolic
OID20296	P08236	GUSB	Cardiometabolic
OID20297	Q14162	SCARF1	Cardiometabolic
OID20298	P09093	CELA3A	Cardiometabolic
OID20299	P48745	CCN3	Cardiometabolic
OID20300	Q9Y4L1	HYOU1	Cardiometabolic
OID20301	Q8N423	LILRB2	Cardiometabolic
OID20302	P15907	ST6GAL1	Cardiometabolic
OID20303	P35590	TIE1	Cardiometabolic
OID20304	P78324	SIRPA	Cardiometabolic
OID20305	P42574	CASP3	Cardiometabolic
OID20306	Q13332	PTPRS	Cardiometabolic
OID20307	Q12860	CNTN1	Cardiometabolic
OID20308	Q8TDL5	BPIFB1	Cardiometabolic
OID20309	P20160	AZU1	Cardiometabolic
OID20310	P10586	PTPRF	Cardiometabolic
OID20311	P46531	NOTCH1	Cardiometabolic
OID20312	Q13231	CHIT1	Cardiometabolic
OID20313	P04085	PDGFA	Cardiometabolic
OID20314	P13686	ACP5	Cardiometabolic
OID20315	P05107	ITGB2	Cardiometabolic
OID20316	P25445	FAS	Cardiometabolic
OID20317	O15031	PLXNB2	Cardiometabolic
OID20318	Q14393	GAS6	Cardiometabolic
OID20319	P00533	EGFR	Cardiometabolic
OID20320	Q16769	QPCT	Cardiometabolic
OID20321	O00584	RNASET2	Cardiometabolic
OID20322	P10451	SPP1	Cardiometabolic
OID20323	Q8NHL6	LILRB1	Cardiometabolic
OID20324	O75023	LILRB5	Cardiometabolic
OID20325	P18065	IGFBP2	Cardiometabolic
OID20326	P19957	PI3	Cardiometabolic
OID20327	Q9HD89	RETN	Cardiometabolic
OID20328	Q16663	CCL15	Cardiometabolic
OID20329	P24158	PRTN3	Cardiometabolic
OID20330	Q12884	FAP	Cardiometabolic
OID20331	P23284	PPIB	Cardiometabolic
OID20332	P39060	COL18A1	Cardiometabolic
OID20333	P04746	AMY2A	Cardiometabolic
OID20334	O15467	CCL16	Cardiometabolic
OID20335	P02452	COL1A1	Cardiometabolic
OID20336	Q13867	BLMH	Cardiometabolic
OID20337	P42785	PRCP	Cardiometabolic
OID20338	O75594	PGLYRP1	Cardiometabolic
OID20339	P13987	CD59	Cardiometabolic
OID20340	P19961	AMY2B	Cardiometabolic
OID20341	P20062	TCN2	Cardiometabolic
OID20342	P05121	SERPINE1	Cardiometabolic
OID20343	P43121	MCAM	Cardiometabolic
OID20344	P59665	DEFA1_DEFA1B	Cardiometabolic
OID20345	Q6EMK4	VASN	Cardiometabolic
OID20346	Q13508	ART3	Cardiometabolic
OID20347	Q96KN2	CNDP1	Cardiometabolic
OID20348	O95998	IL18BP	Cardiometabolic
OID20349	P00740	F9	Cardiometabolic
OID20350	P15144	ANPEP	Cardiometabolic
OID20351	A1L4H1	SSC5D	Cardiometabolic
OID20352	Q06033	ITIH3	Cardiometabolic
OID20353	P12830	CDH1	Cardiometabolic
OID20354	P13591	NCAM1	Cardiometabolic
OID20355	P18428	LBP	Cardiometabolic
OID20356	Q99650	OSMR	Cardiometabolic
OID20357	Q12794	HYAL1	Cardiometabolic
OID20358	P07339	CTSD	Cardiometabolic
OID20359	P24821	TNC	Cardiometabolic
OID20360	Q86VB7	CD163	Cardiometabolic
OID20361	Q14515	SPARCL1	Cardiometabolic
OID20362	P14543	NID1	Cardiometabolic
OID20363	P30530	AXL	Cardiometabolic
OID20364	P07478	PRSS2	Cardiometabolic
OID20365	Q9UBR2	CTSZ	Cardiometabolic
OID20366	O00533	CHL1	Cardiometabolic
OID20367	Q9BXJ1	C1QTNF1	Cardiometabolic
OID20368	P35443	THBS4	Cardiometabolic
OID20369	P02786	TFRC	Cardiometabolic
OID20370	P10721	KIT	Cardiometabolic
OID20371	Q07654	TFF3	Cardiometabolic
OID20372	P08709	F7	Cardiometabolic
OID20373	Q99969	RARRES2	Cardiometabolic
OID20374	O95445	APOM	Cardiometabolic
OID20375	Q96H15	TIMD4	Cardiometabolic
OID20376	P05556	ITGB1	Cardiometabolic
OID20377	P08174	CD55	Cardiometabolic
OID20378	P08571	CD14	Cardiometabolic
OID20379	P16109	SELP	Cardiometabolic
OID20380	P15529	CD46	Cardiometabolic
OID20381	P07359	GP1BA	Cardiometabolic
OID20382	Q15485	FCN2	Cardiometabolic
OID20383	P98160	HSPG2	Cardiometabolic
OID20384	Q15113	PCOLCE	Cardiometabolic
OID20385	P08887	IL6R	Cardiometabolic
OID20386	P00441	SOD1	Cardiometabolic
OID20387	O75015	FCGR3B	Cardiometabolic
OID20388	P10646	TFPI	Cardiometabolic
OID20389	Q16853	AOC3	Cardiometabolic
OID20390	O14786	NRP1	Cardiometabolic
OID20391	P12318	FCGR2A	Cardiometabolic
OID20392	P80188	LCN2	Cardiometabolic
OID20393	P20023	CR2	Cardiometabolic
OID20394	Q9NZK5	ADA2	Cardiometabolic
OID20395	P55774	CCL18	Cardiometabolic
OID20396	P19320	VCAM1	Cardiometabolic
OID20397	Q9NPY3	CD93	Cardiometabolic
OID20398	P17936	IGFBP3	Cardiometabolic
OID20399	P36222	CHI3L1	Cardiometabolic
OID20400	P01034	CST3	Cardiometabolic
OID20401	Q16627	CCL14	Cardiometabolic
OID20402	P04070	PROC	Cardiometabolic
OID20403	P03950	ANG	Cardiometabolic
OID20404	Q9UGM5	FETUB	Cardiometabolic
OID20405	P49747	COMP	Cardiometabolic
OID20406	P27487	DPP4	Cardiometabolic
OID20407	Q9Y5C1	ANGPTL3	Cardiometabolic
OID20408	P41222	PTGDS	Cardiometabolic
OID20409	P00915	CA1	Cardiometabolic
OID20410	P06681	C2	Cardiometabolic
OID20411	P05362	ICAM1	Cardiometabolic
OID20412	P13501	CCL5	Cardiometabolic
OID20413	P24592	IGFBP6	Cardiometabolic
OID20414	Q12805	EFEMP1	Cardiometabolic
OID20415	P05451	REG1A	Cardiometabolic
OID20416	Q92820	GGH	Cardiometabolic
OID20417	Q15582	TGFBI	Cardiometabolic
OID20418	P01033	TIMP1	Cardiometabolic
OID20419	P60568	IL2	Inflammation
OID20420	Q13651	IL10RA	Inflammation
OID20421	Q13219	PAPPA	Inflammation
OID20422	Q9UHF4	IL20RA	Inflammation
OID20423	P63241	EIF5A	Inflammation
OID20424	P05412	JUN	Inflammation
OID20425	Q96AX2	RAB37	Inflammation
OID20426	P05112	IL4	Inflammation
OID20427	P01584	IL1B	Inflammation
OID20428	O95760	IL33	Inflammation
OID20429	Q8NHJ6	LILRB4	Inflammation
OID20430	P35225	IL13	Inflammation
OID20431	P22301	IL10	Inflammation
OID20432	P27540	ARNT	Inflammation
OID20433	O95379	TNFAIP8	Inflammation
OID20434	Q8WV07	LTO1	Inflammation
OID20435	O43707	ACTN4	Inflammation
OID20436	P28838	LAP3	Inflammation
OID20437	Q9NP70	AMBN	Inflammation
OID20438	Q6UXK5	LRRN1	Inflammation
OID20439	Q9HCU5	PREB	Inflammation
OID20440	Q13007	IL24	Inflammation
OID20441	Q9UPV0	CEP164	Inflammation
OID20442	O60934	NBN	Inflammation
OID20443	Q96P31	FCRL3	Inflammation
OID20444	Q9Y478	PRKAB1	Inflammation
OID20445	Q8TCS8	PNPT1	Inflammation
OID20446	Q5T4W7	ARTN	Inflammation
OID20447	Q5R372	RABGAP1L	Inflammation
OID20448	Q969V3	NCLN	Inflammation
OID20449	Q8N6P7	IL22RA1	Inflammation
OID20450	P14784	IL2RB	Inflammation
OID20451	Q13459	MYO9B	Inflammation
OID20452	P19801	AOC1	Inflammation
OID20453	Q9NYY1	IL20	Inflammation
OID20454	P57771	RGS8	Inflammation
OID20455	P20809	IL11	Inflammation
OID20456	Q96PD4	IL17F	Inflammation
OID20457	O76038	SCGN	Inflammation
OID20458	O95715	CXCL14	Inflammation
OID20459	Q03426	MVK	Inflammation
OID20460	O14904	WNT9A	Inflammation
OID20461	P26951	IL3RA	Inflammation
OID20462	Q9Y3P8	SIT1	Inflammation
OID20463	Q96DB9	FXYD5	Inflammation
OID20464	P48061	CXCL12	Inflammation
OID20465	Q99748	NRTN	Inflammation
OID20466	Q13574	DGKZ	Inflammation
OID20467	Q9Y2J8	PADI2	Inflammation
OID20468	Q04759	PRKCQ	Inflammation
OID20469	Q16552	IL17A	Inflammation
OID20470	Q12968	NFATC3	Inflammation
OID20471	Q14435	GALNT3	Inflammation
OID20472	P05113	IL5	Inflammation
OID20474	Q92844	TANK	Inflammation
OID20475	O43597	SPRY2	Inflammation
OID20476	P13693	TPT1	Inflammation
OID20477	Q9P0M4	IL17C	Inflammation
OID20478	Q7Z739	YTHDF3	Inflammation
OID20479	P42768	WAS	Inflammation
OID20480	Q96RJ3	TNFRSF13C	Inflammation
OID20481	Q8TAD2	IL17D	Inflammation
OID20482	Q7Z6M3	MILR1	Inflammation
OID20483	P30048	PRDX3	Inflammation
OID20484	Q05084	ICA1	Inflammation
OID20485	P51617	IRAK1	Inflammation
OID20486	P42701	IL12RB1	Inflammation
OID20487	Q9HB29	IL1RL2	Inflammation
OID20488	P01583	IL1A	Inflammation
OID20489	P32456	GBP2	Inflammation
OID20490	P12034	FGF5	Inflammation
OID20491	P09919	CSF3	Inflammation
OID20492	Q9BXJ7	AMN	Inflammation
OID20493	P18564	ITGB6	Inflammation
OID20494	P01591	JCHAIN	Inflammation
OID20495	P01579	IFNG	Inflammation
OID20496	Q13291	SLAMF1	Inflammation
OID20497	Q8N8S7	ENAH	Inflammation
OID20498	Q13261	IL15RA	Inflammation
OID20500	P09874	PARP1	Inflammation
OID20501	Q0Z7S8	FABP9	Inflammation
OID20502	P78362	SRPK2	Inflammation
OID20503	P09038	FGF2	Inflammation
OID20504	O43736	ITM2A	Inflammation
OID20505	O14867	BACH1	Inflammation
OID20506	Q8IU57	IFNLR1	Inflammation
OID20507	Q12933	TRAF2	Inflammation
OID20508	Q06520	SULT2A1	Inflammation
OID20509	O60575	SPINK4	Inflammation
OID20510	Q9Y5A7	NUB1	Inflammation
OID20511	O60542	PSPN	Inflammation
OID20512	P30838	ALDH3A1	Inflammation
OID20513	O43521-2	BCL2L11	Inflammation
OID20514	O60880	SH2D1A	Inflammation
OID20515	Q12778	FOXO1	Inflammation
OID20516	Q7L8A9	VASH1	Inflammation
OID20517	P55957	BID	Inflammation
OID20519	Q6UB28	METAP1D	Inflammation
OID20520	P01903	HLA-DRA	Inflammation
OID20521	Q92609	TBC1D5	Inflammation
OID20522	P01588	EPO	Inflammation
OID20523	P80098	CCL7	Inflammation
OID20524	Q9UN19	DAPP1	Inflammation
OID20525	Q9UNE0	EDAR	Inflammation
OID20526	Q9C035	TRIM5	Inflammation
OID20527	Q8N608	DPP10	Inflammation
OID20528	P23229	ITGA6	Inflammation
OID20529	Q6DN72	FCRL6	Inflammation
OID20530	P33241	LSP1	Inflammation
OID20531	Q9UNK0	STX8	Inflammation
OID20532	P13747	HLA-E	Inflammation
OID20533	P19474	TRIM21	Inflammation
OID20534	O75475	PSIP1	Inflammation
OID20535	P13232	IL7	Inflammation
OID20536	Q8IVG5	SAMD9L	Inflammation
OID20537	Q96LC7	SIGLEC10	Inflammation
OID20538	B1AKI9	ISM1	Inflammation
OID20539	Q6ZMH5	SLC39A5	Inflammation
OID20540	P78410	BTN3A2	Inflammation
OID20541	P12872	MLN	Inflammation
OID20542	Q12765	SCRN1	Inflammation
OID20543	P58294	PROK1	Inflammation
OID20544	Q9Y6K9	IKBKG	Inflammation
OID20545	O95644	NFATC1	Inflammation
OID20546	Q9Y258	CCL26	Inflammation
OID20547	Q8WTT0	CLEC4C	Inflammation
OID20548	Q3KPI0	CEACAM21	Inflammation
OID20549	Q9BT73	PSMG3	Inflammation
OID20550	P20849	COL9A1	Inflammation
OID20551	Q9HD26	GOPC	Inflammation
OID20552	P52564	MAP2K6	Inflammation
OID20553	Q9H0P0	NT5C3A	Inflammation
OID20554	Q9NZN5	ARHGEF12	Inflammation
OID20555	P42575	CASP2	Inflammation
OID20556	Q9UHC6	CNTNAP2	Inflammation
OID20557	P45984	MAPK9	Inflammation
OID20558	P11274	BCR	Inflammation
OID20559	Q9UDT6	CLIP2	Inflammation
OID20560	Q14242	SELPLG	Inflammation
OID20561	P78310	CXADR	Inflammation
OID20562	P40933	IL15	Inflammation
OID20564	P24071	FCAR	Inflammation
OID20565	Q01151	CD83	Inflammation
OID20566	O76036	NCR1	Inflammation
OID20567	P19878	NCF2	Inflammation
OID20568	P23582	NPPC	Inflammation
OID20569	Q9NRJ3	CCL28	Inflammation
OID20570	P26022	PTX3	Inflammation
OID20571	Q03431	PTH1R	Inflammation
OID20572	Q9GZT9	EGLN1	Inflammation
OID20573	Q9UMR7	CLEC4A	Inflammation
OID20574	P13725	OSM	Inflammation
OID20575	P28845	HSD11B1	Inflammation
OID20576	P24394	IL4R	Inflammation
OID20577	Q9NWZ3	IRAK4	Inflammation
OID20578	Q14773	ICAM4	Inflammation
OID20579	Q16698	DECR1	Inflammation
OID20580	O60449	LY75	Inflammation
OID20581	Q9UKX5	ITGA11	Inflammation
OID20582	O15169	AXIN1	Inflammation
OID20583	P50995	ANXA11	Inflammation
OID20584	P01730	CD4	Inflammation
OID20585	Q9NRM6	IL17RB	Inflammation
OID20586	P01374	LTA	Inflammation
OID20587	Q6ZUJ8	PIK3AP1	Inflammation
OID20588	P16455	MGMT	Inflammation
OID20589	O94992	HEXIM1	Inflammation
OID20590	Q6UXB4	CLEC4G	Inflammation
OID20591	P20783	NTF3	Inflammation
OID20592	O14788	TNFSF11	Inflammation
OID20593	Q29980_Q29983	MICB_MICA	Inflammation
OID20594	Q8NDB2	BANK1	Inflammation
OID20595	Q8TD46	CD200R1	Inflammation
OID20596	P08727	KRT19	Inflammation
OID20597	Q9HCM2	PLXNA4	Inflammation
OID20598	P28827	PTPRM	Inflammation
OID20599	P32970	CD70	Inflammation
OID20600	P01135	TGFA	Inflammation
OID20601	Q01344	IL5RA	Inflammation
OID20602	Q9NQ25	SLAMF7	Inflammation
OID20603	P41217	CD200	Inflammation
OID20604	P10144	GZMB	Inflammation
OID20605	P24001	IL32	Inflammation
OID20606	P42702	LIFR	Inflammation
OID20607	Q9UIB8	CD84	Inflammation
OID20608	P20340	RAB6A	Inflammation
OID20609	Q8WXI8	CLEC4D	Inflammation
OID20610	P10147	CCL3	Inflammation
OID20611	P50591	TNFSF10	Inflammation
OID20612	O15455	TLR3	Inflammation
OID20613	P80162	CXCL6	Inflammation
OID20614	Q08174	PCDH1	Inflammation
OID20615	P37235	HPCAL1	Inflammation
OID20616	P29965	CD40LG	Inflammation
OID20617	Q07065	CKAP4	Inflammation
OID20618	P68106	FKBP1B	Inflammation
OID20619	P22304	IDS	Inflammation
OID20620	O00273	DFFA	Inflammation
OID20621	P01137	TGFB1	Inflammation
OID20622	Q6UXB2	CXCL17	Inflammation
OID20623	Q9Y266	NUDC	Inflammation
OID20624	O43508	TNFSF12	Inflammation
OID20625	Q04637	EIF4G1	Inflammation
OID20626	P35613	BSG	Inflammation
OID20627	O60884	DNAJA2	Inflammation
OID20628	Q9BZW8	CD244	Inflammation
OID20629	Q12918	KLRB1	Inflammation
OID20630	P50452	SERPINB8	Inflammation
OID20632	Q13241	KLRD1	Inflammation
OID20633	Q14005	IL16	Inflammation
OID20634	O94856	NFASC	Inflammation
OID20635	P40259	CD79B	Inflammation
OID20636	Q9BXN2	CLEC7A	Inflammation
OID20637	P20273	CD22	Inflammation
OID20638	Q9UQV4	LAMP3	Inflammation
OID20639	Q96LA5	FCRL2	Inflammation
OID20640	O43561	LAT	Inflammation
OID20641	P36959	GMPR	Inflammation
OID20642	Q15661	TPSAB1	Inflammation
OID20643	Q96SB3	PPP1R9B	Inflammation
OID20644	P30044	PRDX5	Inflammation
OID20645	P00813	ADA	Inflammation
OID20646	Q9Y6Q6	TNFRSF11A	Inflammation
OID20647	O95971	CD160	Inflammation
OID20648	P14317	HCLS1	Inflammation
OID20649	P30203	CD6	Inflammation
OID20650	P15692	VEGFA	Inflammation
OID20651	O75077	ADAM23	Inflammation
OID20652	Q13478	IL18R1	Inflammation
OID20653	P43489	TNFRSF4	Inflammation
OID20654	P02745	C1QA	Inflammation
OID20655	Q99616	CCL13	Inflammation
OID20656	P14210	HGF	Inflammation
OID20657	Q12866	MERTK	Inflammation
OID20658	O00253	AGRP	Inflammation
OID20660	P43234	CTSO	Inflammation
OID20661	P49771	FLT3LG	Inflammation
OID20662	O43915	VEGFD	Inflammation
OID20663	P12544	GZMA	Inflammation
OID20664	Q9H4D0	CLSTN2	Inflammation
OID20665	P48023	FASLG	Inflammation
OID20666	P29460	IL12B	Inflammation
OID20667	Q15517	CDSN	Inflammation
OID20668	P51671	CCL11	Inflammation
OID20669	Q16719	KYNU	Inflammation
OID20670	Q9HBG7	LY9	Inflammation
OID20671	P78556	CCL20	Inflammation
OID20672	P03956	MMP1	Inflammation
OID20673	P49763	PGF	Inflammation
OID20674	O15444	CCL25	Inflammation
OID20675	Q07325	CXCL9	Inflammation
OID20676	Q92484	SMPDL3A	Inflammation
OID20677	P21709	EPHA1	Inflammation
OID20678	P15260	IFNGR1	Inflammation
OID20679	P53634	CTSC	Inflammation
OID20680	Q5ZPR3	CD276	Inflammation
OID20681	Q9UJU6	DBNL	Inflammation
OID20682	P30613	PKLR	Inflammation
OID20683	O43639	NCK2	Inflammation
OID20684	P35625	TIMP3	Inflammation
OID20685	P47712	PLA2G4A	Inflammation
OID20686	O00585	CCL21	Inflammation
OID20687	P09238	MMP10	Inflammation
OID20688	P11684	SCGB1A1	Inflammation
OID20689	Q6UWV6	ENPP7	Inflammation
OID20690	Q9BZZ2	SIGLEC1	Inflammation
OID20691	P25116	F2R	Inflammation
OID20692	P09326	CD48	Inflammation
OID20693	P55773	CCL23	Inflammation
OID20694	Q14116	IL18	Inflammation
OID20695	P13236	CCL4	Inflammation
OID20696	Q08334	IL10RB	Inflammation
OID20697	P02778	CXCL10	Inflammation
OID20698	P01133	EGF	Inflammation
OID20699	O75462	CRLF1	Inflammation
OID20700	P18510	IL1RN	Inflammation
OID20701	Q9NZV1	CRIM1	Inflammation
OID20702	O14836	TNFRSF13B	Inflammation
OID20703	Q9BY76	ANGPTL4	Inflammation
OID20704	O76096	CST7	Inflammation
OID20705	P21860	ERBB3	Inflammation
OID20706	Q99435	NELL2	Inflammation
OID20707	P55145	MANF	Inflammation
OID20708	Q14210	LY6D	Inflammation
OID20709	P29279	CCN2	Inflammation
OID20710	Q9HC38	GLOD4	Inflammation
OID20711	Q99685	MGLL	Inflammation
OID20712	Q8NFT8	DNER	Inflammation
OID20713	Q7KYR7	BTN2A1	Inflammation
OID20714	P34896	SHMT1	Inflammation
OID20715	O95750	FGF19	Inflammation
OID20716	P19256	CD58	Inflammation
OID20717	P29350	PTPN6	Inflammation
OID20718	P0DMV8	HSPA1A	Inflammation
OID20719	P09603	CSF1	Inflammation
OID20720	O43291	SPINT2	Inflammation
OID20721	P12532	CKMT1A_CKMT1B	Inflammation
OID20722	Q9Y3D6	FIS1	Inflammation
OID20723	Q96PL1	SCGB3A2	Inflammation
OID20724	P25942	CD40	Inflammation
OID20725	Q99983	OMD	Inflammation
OID20726	Q9UKU9	ANGPTL2	Inflammation
OID20727	P22466	GAL	Inflammation
OID20728	Q8WXD2	SCG3	Inflammation
OID20729	Q9NR12	PDLIM7	Inflammation
OID20730	Q9H3U7	SMOC2	Inflammation
OID20731	Q9NZC2	TREM2	Inflammation
OID20732	Q8WU39	MZB1	Inflammation
OID20733	O75888	TNFSF13	Inflammation
OID20734	Q9Y6N7	ROBO1	Inflammation
OID20735	O00300	TNFRSF11B	Inflammation
OID20736	Q9UJA9	ENPP5	Inflammation
OID20737	Q6GTX8	LAIR1	Inflammation
OID20738	Q5KU26	COLEC12	Inflammation
OID20739	O00241	SIRPB1	Inflammation
OID20740	Q15389	ANGPT1	Inflammation
OID20741	P01127	PDGFB	Inflammation
OID20742	P46109	CRKL	Inflammation
OID20743	P16422	EPCAM	Inflammation
OID20744	O43598	DNPH1	Inflammation
OID20745	Q92583	CCL17	Inflammation
OID20746	Q96KG7	MEGF10	Inflammation
OID20747	P24387	CRHBP	Inflammation
OID20748	P56470	LGALS4	Inflammation
OID20749	Q9H008	LHPP	Inflammation
OID20750	O14773	TPP1	Inflammation
OID20751	Q6UXH1	CRELD2	Inflammation
OID20752	Q99895	CTRC	Inflammation
OID20753	Q9NQ76	MEPE	Inflammation
OID20754	Q4KMG0	CDON	Inflammation
OID20755	Q9UHX3	ADGRE2	Inflammation
OID20756	Q15109	AGER	Inflammation
OID20757	P27930	IL1R2	Inflammation
OID20758	Q9NQ30	ESM1	Inflammation
OID20759	Q9HCB6	SPON1	Inflammation
OID20760	Q9UII2	ATP5IF1	Inflammation
OID20761	O75563	SKAP2	Inflammation
OID20762	P09341	CXCL1	Inflammation
OID20763	Q16651	PRSS8	Inflammation
OID20764	Q03405	PLAUR	Inflammation
OID20765	O00626	CCL22	Inflammation
OID20766	P51888	PRELP	Inflammation
OID20767	O00339	MATN2	Inflammation
OID20768	P36941	LTBR	Inflammation
OID20769	Q16363	LAMA4	Inflammation
OID20770	P19883	FST	Inflammation
OID20771	Q9BU40	CHRDL1	Inflammation
OID20772	O00175	CCL24	Inflammation
OID20773	Q99538	LGMN	Inflammation
OID20774	Q14118	DAG1	Inflammation
OID20775	P54317	PNLIPRP2	Inflammation
OID20776	Q8IYS5	OSCAR	Inflammation
OID20777	Q15166	PON3	Inflammation
OID20778	P07148	FABP1	Inflammation
OID20779	O95866	MPIG6B	Inflammation
OID20780	P15291	B4GALT1	Inflammation
OID20781	O00182	LGALS9	Inflammation
OID20782	O95633	FSTL3	Inflammation
OID20783	Q92956	TNFRSF14	Inflammation
OID20784	Q9BYZ8	REG4	Inflammation
OID20785	Q8TEU8	WFIKKN2	Inflammation
OID20786	O00468	AGRN	Inflammation
OID20787	Q03403	TFF2	Inflammation
OID20788	P19876	CXCL3	Inflammation
OID20789	Q13232	NME3	Inflammation
OID20790	Q86VW0	SESTD1	Neurology
OID20791	P53539	FOSB	Neurology
OID20792	Q92597	NDRG1	Neurology
OID20793	A1E959	ODAM	Neurology
OID20794	P60484	PTEN	Neurology
OID20795	Q8IU54	IFNL1	Neurology
OID20796	P51531	SMARCA2	Neurology
OID20797	O14579	COPE	Neurology
OID20798	P15336	ATF2	Neurology
OID20799	P53985	SLC16A1	Neurology
OID20800	P02533	KRT14	Neurology
OID20801	P22676	CALB2	Neurology
OID20803	Q4LE39	ARID4B	Neurology
OID20804	Q9NSK7	C19orf12	Neurology
OID20805	Q8WTV0	SCARB1	Neurology
OID20806	Q9UKV5	AMFR	Neurology
OID20807	P45452	MMP13	Neurology
OID20808	Q96JP9	CDHR1	Neurology
OID20809	Q6ZMJ4	IL34	Neurology
OID20810	P08758	ANXA5	Neurology
OID20811	P48047	ATP5PO	Neurology
OID20812	Q6ZMC9	SIGLEC15	Neurology
OID20813	Q6PIL6	KCNIP4	Neurology
OID20814	Q6P1M0	SLC27A4	Neurology
OID20815	P53582	METAP1	Neurology
OID20816	P13385	TDGF1	Neurology
OID20817	Q9NRW1	RAB6B	Neurology
OID20818	P05455	SSB	Neurology
OID20819	O96013	PAK4	Neurology
OID20820	Q9NXA8	SIRT5	Neurology
OID20821	Q8N2G4	LYPD1	Neurology
OID20822	P49023	PXN	Neurology
OID20823	Q9BXS1	IDI2	Neurology
OID20824	P15018	LIF	Neurology
OID20825	Q9H1C3	GLT8D2	Neurology
OID20826	P20936	RASA1	Neurology
OID20827	P51452	DUSP3	Neurology
OID20828	P09769	FGR	Neurology
OID20829	P14625	HSP90B1	Neurology
OID20830	P10636	MAPT	Neurology
OID20831	Q9HAW4	CLSPN	Neurology
OID20832	Q9UM07	PADI4	Neurology
OID20833	P26440	IVD	Neurology
OID20834	P29474	NOS3	Neurology
OID20835	O60240	PLIN1	Neurology
OID20836	P41208	CETN2	Neurology
OID20837	Q9Y6E0	STK24	Neurology
OID20838	Q9UJY5	GGA1	Neurology
OID20839	P30039	PBLD	Neurology
OID20840	Q5JZY3	EPHA10	Neurology
OID20841	Q02643	GHRHR	Neurology
OID20842	Q9BW30	TPPP3	Neurology
OID20843	Q16864	ATP6V1F	Neurology
OID20844	Q9HA65	TBC1D17	Neurology
OID20845	Q96PP9	GBP4	Neurology
OID20846	Q9Y680	FKBP7	Neurology
OID20847	Q03393	PTS	Neurology
OID20849	P58417	NXPH1	Neurology
OID20850	Q15126	PMVK	Neurology
OID20851	Q6UX27	VSTM1	Neurology
OID20852	Q15043	SLC39A14	Neurology
OID20853	Q9UK53	ING1	Neurology
OID20854	P29466	CASP1	Neurology
OID20855	Q9H0C8	ILKAP	Neurology
OID20856	Q07812	BAX	Neurology
OID20857	Q9Y5P4	CERT	Neurology
OID20858	Q9H2W6	MRPL46	Neurology
OID20859	Q9Y2V2	CARHSP1	Neurology
OID20860	P13647	KRT5	Neurology
OID20861	P39905	GDNF	Neurology
OID20862	O94813	SLIT2	Neurology
OID20863	P29475	NOS1	Neurology
OID20864	O14523	C2CD2L	Neurology
OID20865	Q9UBB4	ATXN10	Neurology
OID20866	Q9H3R2	MUC13	Neurology
OID20867	Q9NRG1	PRTFDC1	Neurology
OID20868	Q16762	TST	Neurology
OID20869	Q13426	XRCC4	Neurology
OID20870	Q15633	TARBP2	Neurology
OID20871	P07196	NEFL	Neurology
OID20872	P49789	FHIT	Neurology
OID20873	Q6UWL6	KIRREL2	Neurology
OID20874	O94985	CLSTN1	Neurology
OID20875	Q9Y2W6	TDRKH	Neurology
OID20876	P09211	GSTP1	Neurology
OID20877	P61244	MAX	Neurology
OID20878	Q96FQ6	S100A16	Neurology
OID20879	O00399	DCTN6	Neurology
OID20880	Q13308	PTK7	Neurology
OID20881	P23276	KEL	Neurology
OID20882	Q9UPY6	WASF3	Neurology
OID20883	Q8WUW1	BRK1	Neurology
OID20884	O95466	FMNL1	Neurology
OID20885	Q9NS71	GKN1	Neurology
OID20886	Q9UJ72	ANXA10	Neurology
OID20887	P30519	HMOX2	Neurology
OID20888	Q86Z14	KLB	Neurology
OID20889	Q6UXK2	ISLR2	Neurology
OID20890	Q92917	GPKOW	Neurology
OID20891	P42892	ECE1	Neurology
OID20892	Q9UHV9	PFDN2	Neurology
OID20893	Q92851	CASP10	Neurology
OID20894	Q9NQ88	TIGAR	Neurology
OID20895	Q96B36	AKT1S1	Neurology
OID20896	O95994	AGR2	Neurology
OID20897	P16444	DPEP1	Neurology
OID20899	Q9Y4K4	MAP4K5	Neurology
OID20900	O95256	IL18RAP	Neurology
OID20901	P52943	CRIP2	Neurology
OID20902	P63098	PPP3R1	Neurology
OID20903	P14868	DARS1	Neurology
OID20904	Q9Y6D9	MAD1L1	Neurology
OID20905	O14944	EREG	Neurology
OID20906	Q86WV1	SKAP1	Neurology
OID20907	P29218	IMPA1	Neurology
OID20908	P18031	PTPN1	Neurology
OID20909	P36269	GGT5	Neurology
OID20910	Q16740	CLPP	Neurology
OID20912	Q92932	PTPRN2	Neurology
OID20913	Q9HAN9	NMNAT1	Neurology
OID20914	O95727	CRTAM	Neurology
OID20915	P15509	CSF2RA	Neurology
OID20916	P11464	PSG1	Neurology
OID20917	Q8NBI3	DRAXIN	Neurology
OID20918	O00559	EBAG9	Neurology
OID20919	Q9BZM5	ULBP2	Neurology
OID20920	P01138	NGF	Neurology
OID20921	Q96IU4	ABHD14B	Neurology
OID20922	Q8TCT1	PHOSPHO1	Neurology
OID20923	P78560	CRADD	Neurology
OID20924	Q08629	SPOCK1	Neurology
OID20925	P09466	PAEP	Neurology
OID20926	O00308	WWP2	Neurology
OID20927	P07741	APRT	Neurology
OID20928	Q8IUN9	CLEC10A	Neurology
OID20930	Q9HD42	CHMP1A	Neurology
OID20931	Q02083	NAAA	Neurology
OID20932	P50453	SERPINB9	Neurology
OID20933	O60609	GFRA3	Neurology
OID20934	Q9UBT3	DKK4	Neurology
OID20935	P52798	EFNA4	Neurology
OID20936	Q2TAL6	VWC2	Neurology
OID20937	Q13451	FKBP5	Neurology
OID20938	Q2MKA7	RSPO1	Neurology
OID20939	Q96NZ8	WFIKKN1	Neurology
OID20940	Q9H5V8	CDCP1	Neurology
OID20941	P38484	IFNGR2	Neurology
OID20942	Q15814	TBCC	Neurology
OID20943	Q14108	SCARB2	Neurology
OID20944	P78333	GPC5	Neurology
OID20945	Q9Y6Y9	LY96	Neurology
OID20946	O43155	FLRT2	Neurology
OID20947	Q9H3S3	TMPRSS5	Neurology
OID20948	Q53H47	SETMAR	Neurology
OID20949	P16278	GLB1	Neurology
OID20950	P08134	RHOC	Neurology
OID20951	Q8NFP4	MDGA1	Neurology
OID20952	P40222	TXLNA	Neurology
OID20953	O43557	TNFSF14	Neurology
OID20954	P48740	MASP1	Neurology
OID20955	O95630	STAMBP	Neurology
OID20956	Q6XZF7	DNMBP	Neurology
OID20957	Q92752	TNR	Neurology
OID20958	Q6P1N0	CC2D1A	Neurology
OID20959	Q8WV92	MITD1	Neurology
OID20960	Q02790	FKBP4	Neurology
OID20961	P06748	NPM1	Neurology
OID20962	Q06830	PRDX1	Neurology
OID20963	P22079	LPO	Neurology
OID20964	O95407	TNFRSF6B	Neurology
OID20965	Q6ISS4	LAIR2	Neurology
OID20966	Q9NZQ7	CD274	Neurology
OID20967	O00220	TNFRSF10A	Neurology
OID20968	Q92765	FRZB	Neurology
OID20969	Q06323	PSME1	Neurology
OID20970	Q6UX15	LAYN	Neurology
OID20971	O76070	SNCG	Neurology
OID20972	O95817	BAG3	Neurology
OID20973	O14618	CCS	Neurology
OID20974	O60242	ADGRB3	Neurology
OID20975	P50135	HNMT	Neurology
OID20976	P78423	CX3CL1	Neurology
OID20977	Q8WWN9	IPCEF1	Neurology
OID20978	P02771	AFP	Neurology
OID20979	O15232	MATN3	Neurology
OID20980	Q9NPH6	OBP2B	Neurology
OID20981	O14763	TNFRSF10B	Neurology
OID20982	O15197	EPHB6	Neurology
OID20983	P01258	CALCA	Neurology
OID20984	Q8N474	SFRP1	Neurology
OID20985	Q07011	TNFRSF9	Neurology
OID20986	Q9H477	RBKS	Neurology
OID20987	P56279	TCL1A	Neurology
OID20988	P08962	CD63	Neurology
OID20989	Q9UL46	PSME2	Neurology
OID20990	P07306	ASGR1	Neurology
OID20992	Q9BYC5	FUT8	Neurology
OID20993	Q99426	TBCB	Neurology
OID20994	P12644	BMP4	Neurology
OID20995	P28325	CST5	Neurology
OID20996	Q9NR71	ASAH2	Neurology
OID20998	Q96GW7	BCAN	Neurology
OID20999	P37023	ACVRL1	Neurology
OID21000	P23588	EIF4B	Neurology
OID21001	Q9P0K1	ADAM22	Neurology
OID21002	O15496	PLA2G10	Neurology
OID21003	Q9BS40	LXN	Neurology
OID21004	P13500	CCL2	Neurology
OID21005	P55291	CDH15	Neurology
OID21006	O94779	CNTN5	Neurology
OID21007	Q9HCK4	ROBO2	Neurology
OID21008	P22223	CDH3	Neurology
OID21009	Q08345	DDR1	Neurology
OID21010	Q08708	CD300C	Neurology
OID21011	P15151	PVR	Neurology
OID21012	Q8NBS9	TXNDC5	Neurology
OID21013	P21217_Q11128	FUT3_FUT5	Neurology
OID21014	P52823	STC1	Neurology
OID21015	Q9H446	RWDD1	Neurology
OID21016	Q9NP79	VTA1	Neurology
OID21017	P15311	EZR	Neurology
OID21018	P01732	CD8A	Neurology
OID21019	P22894	MMP8	Neurology
OID21020	Q92854	SEMA4D	Neurology
OID21021	O14737	PDCD5	Neurology
OID21022	Q9UNZ2	NSFL1C	Neurology
OID21023	P35237	SERPINB6	Neurology
OID21024	O43927	CXCL13	Neurology
OID21025	P28906	CD34	Neurology
OID21026	P13611	VCAN	Neurology
OID21027	Q96CD2	PPCDC	Neurology
OID21028	P17405	SMPD1	Neurology
OID21029	Q10589	BST2	Neurology
OID21030	Q99731	CCL19	Neurology
OID21031	P50225	SULT1A1	Neurology
OID21032	Q8NBJ7	SUMF2	Neurology
OID21033	P01236	PRL	Neurology
OID21034	Q14739	LBR	Neurology
OID21035	P13473	LAMP2	Neurology
OID21036	P12429	ANXA3	Neurology
OID21037	P06733	ENO1	Neurology
OID21038	P05060	CHGB	Neurology
OID21039	P78325	ADAM8	Neurology
OID21040	P04233	CD74	Neurology
OID21041	O00214	LGALS8	Neurology
OID21042	O14625	CXCL11	Neurology
OID21043	Q01469	FABP5	Neurology
OID21044	Q6P4E1	GOLM2	Neurology
OID21045	Q6NW40	RGMB	Neurology
OID21046	P09104	ENO2	Neurology
OID21047	P01178	OXT	Neurology
OID21048	Q96GP6	SCARF2	Neurology
OID21049	P28908	TNFRSF8	Neurology
OID21050	P04216	THY1	Neurology
OID21051	Q10588	BST1	Neurology
OID21052	O75509	TNFRSF21	Neurology
OID21053	Q9BRF8	CPPED1	Neurology
OID21054	P14384	CPM	Neurology
OID21055	O14594	NCAN	Neurology
OID21056	P25774	CTSS	Neurology
OID21057	Q16288	NTRK3	Neurology
OID21058	Q6ZMJ2	SCARA5	Neurology
OID21059	P30533	LRPAP1	Neurology
OID21060	P48052	CPA2	Neurology
OID21061	Q9P126	CLEC1B	Neurology
OID21062	P14207	FOLR2	Neurology
OID21063	P21757	MSR1	Neurology
OID21064	P57087	JAM2	Neurology
OID21065	Q96B86	RGMA	Neurology
OID21066	O94907	DKK1	Neurology
OID21067	Q9UBW5	BIN2	Neurology
OID21068	O76076	CCN5	Neurology
OID21069	P01215	CGA	Neurology
OID21070	P05067	APP	Neurology
OID21071	P11215	ITGAM	Neurology
OID21072	P02749	APOH	Neurology
OID21073	P14174	MIF	Neurology
OID21074	Q15818	NPTX1	Neurology
OID21075	P19440	GGT1	Neurology
OID21076	P50895	BCAM	Neurology
OID21077	P31948	STIP1	Neurology
OID21078	Q9NZD4	AHSP	Neurology
OID21079	Q02487	DSC2	Neurology
OID21080	Q04900	CD164	Neurology
OID21081	O60462	NRP2	Neurology
OID21082	O15389	SIGLEC5	Neurology
OID21083	P08254	MMP3	Neurology
OID21084	P23381	WARS	Neurology
OID21085	Q14112	NID2	Neurology
OID21086	P12081	HARS1	Neurology
OID21087	P30086	PEBP1	Neurology
OID21088	P30740	SERPINB1	Neurology
OID21089	Q96F46	IL17RA	Neurology
OID21090	Q86T13	CLEC14A	Neurology
OID21091	Q9HCN6	GP6	Neurology
OID21092	Q9P232	CNTN3	Neurology
OID21093	P55103	INHBC	Neurology
OID21094	Q96FE7	PIK3IP1	Neurology
OID21095	O15394	NCAM2	Neurology
OID21096	P23280	CA6	Neurology
OID21097	P00995	SPINK1	Neurology
OID21098	Q9UGT4	SUSD2	Neurology
OID21099	Q14696	MESD	Neurology
OID21100	P05164	MPO	Neurology
OID21101	Q02747	GUCA2A	Neurology
OID21102	P01833	PIGR	Neurology
OID21103	P14780	MMP9	Neurology
OID21104	P35442	THBS2	Neurology
OID21105	Q13093	PLA2G7	Neurology
OID21106	Q15155	NOMO1	Neurology
OID21107	P22105	TNXB	Neurology
OID21108	Q6YHK3	CD109	Neurology
OID21109	O43278	SPINT1	Neurology
OID21110	P14209	CD99	Neurology
OID21111	Q96RD9	FCRL5	Neurology
OID21112	Q9Y240	CLEC11A	Neurology
OID21113	Q14126	DSG2	Neurology
OID21114	P04179	SOD2	Neurology
OID21115	Q9UKK9	NUDT5	Neurology
OID21116	P14778	IL1R1	Neurology
OID21117	Q8IWV2	CNTN4	Neurology
OID21118	P63313	TMSB10	Neurology
OID21119	Q8N6Q3	CD177	Neurology
OID21120	Q5T2D2	TREML2	Neurology
OID21121	Q99972	MYOC	Neurology
OID21122	Q8TCZ2	CD99L2	Neurology
OID21123	P20774	OGN	Neurology
OID21124	P00749	PLAU	Neurology
OID21125	P20827	EFNA1	Neurology
OID21126	Q9NPH3	IL1RAP	Neurology
OID21127	O43505	B4GAT1	Neurology
OID21128	P00352	ALDH1A1	Neurology
OID21129	Q9UKJ1	PILRA	Neurology
OID21130	Q6UXG3	CD300LG	Neurology
OID21131	P16284	PECAM1	Neurology
OID21132	P22749	GNLY	Neurology
OID21133	P06734	FCER2	Neurology
OID21134	Q08431	MFGE8	Neurology
OID21135	Q16881	TXNRD1	Neurology
OID21136	P16871	IL7R	Neurology
OID21137	Q8TDQ0	HAVCR2	Neurology
OID21138	P15289	ARSA	Neurology
OID21139	P08648	ITGA5	Neurology
OID21140	O15117	FYB1	Neurology
OID21141	P30043	BLVRB	Neurology
OID21142	Q969Z4	RELT	Neurology
OID21143	P07108	DBI	Neurology
OID21144	Q9Y279	VSIG4	Neurology
OID21145	P20333	TNFRSF1B	Neurology
OID21146	P11717	IGF2R	Neurology
OID21147	Q99727	TIMP4	Neurology
OID21148	Q9NQ38	SPINK5	Neurology
OID21149	P00918	CA2	Neurology
OID21150	P17538	CTRB1	Neurology
OID21151	Q9Y624	F11R	Neurology
OID21152	Q8N149	LILRA2	Neurology
OID21153	Q6UXH9	PAMR1	Neurology
OID21154	P04155	TFF1	Neurology
OID21155	P19438	TNFRSF1A	Neurology
OID21156	P04118	CLPS	Neurology
OID21157	O76061	STC2	Neurology
OID21158	P22692	IGFBP4	Neurology
OID21159	P28799	GRN	Neurology
OID21160	Q99497	PARK7	Neurology
OID21161	P22307	SCP2	Oncology
OID21162	Q6NXT1	ANKRD54	Oncology
OID21163	Q7Z6M1	RABEPK	Oncology
OID21164	Q7Z7D3	VTCN1	Oncology
OID21165	Q8IWL2	SFTPA1	Oncology
OID21166	P54727	RAD23B	Oncology
OID21167	Q92982	NINJ1	Oncology
OID21168	P01242	GH2	Oncology
OID21169	Q6PGN9	PSRC1	Oncology
OID21170	O14662	STX16	Oncology
OID21171	P06731	CEACAM5	Oncology
OID21172	O60828	PQBP1	Oncology
OID21173	A4D1B5	GSAP	Oncology
OID21174	Q7LG56	RRM2B	Oncology
OID21175	O14964	HGS	Oncology
OID21176	Q9P0J1	PDP1	Oncology
OID21177	P49788	RARRES1	Oncology
OID21178	O75787	ATP6AP2	Oncology
OID21179	Q9H4P4	RNF41	Oncology
OID21180	Q15797	SMAD1	Oncology
OID21181	Q9Y5V3	MAGED1	Oncology
OID21182	Q8N5S9	CAMKK1	Oncology
OID21183	Q9NRA1	PDGFC	Oncology
OID21184	P35813	PPM1A	Oncology
OID21185	P43629	KIR3DL1	Oncology
OID21186	Q08AG7	MZT1	Oncology
OID21187	P31350	RRM2	Oncology
OID21188	P41586	ADCYAP1R1	Oncology
OID21189	Q8NBZ7	UXS1	Oncology
OID21191	Q9NS15	LTBP3	Oncology
OID21192	P39748	FEN1	Oncology
OID21193	Q6BAA4	FCRLB	Oncology
OID21194	P50749	RASSF2	Oncology
OID21195	O75493	CA11	Oncology
OID21196	P43628	KIR2DL3	Oncology
OID21197	Q9Y243	AKT3	Oncology
OID21198	P21810	BGN	Oncology
OID21199	P35070	BTC	Oncology
OID21200	P48643	CCT5	Oncology
OID21201	Q9UKR0	KLK12	Oncology
OID21202	Q07960	ARHGAP1	Oncology
OID21203	P46060	RANGAP1	Oncology
OID21204	Q7Z434	MAVS	Oncology
OID21205	Q05516	ZBTB16	Oncology
OID21206	Q7L5Y9	MAEA	Oncology
OID21207	P07332	FES	Oncology
OID21208	P34130	NTF4	Oncology
OID21209	Q96NB1	CEP20	Oncology
OID21210	O15116	LSM1	Oncology
OID21211	Q9Y265	RUVBL1	Oncology
OID21212	O00221	NFKBIE	Oncology
OID21213	Q9UKS7	IKZF2	Oncology
OID21214	Q9P0V8	SLAMF8	Oncology
OID21215	P31994	FCGR2B	Oncology
OID21216	Q3B7J2	GFOD2	Oncology
OID21217	Q13490	BIRC2	Oncology
OID21218	Q8IWL1	SFTPA2	Oncology
OID21219	O43752	STX6	Oncology
OID21220	O60907	TBL1X	Oncology
OID21221	P25786	PSMA1	Oncology
OID21222	Q9UQQ2	SH2B3	Oncology
OID21224	O75380	NDUFS6	Oncology
OID21225	O75569	PRKRA	Oncology
OID21226	O95786	DDX58	Oncology
OID21227	P43490	NAMPT	Oncology
OID21228	Q6EIG7	CLEC6A	Oncology
OID21229	Q9Y2Z0	SUGT1	Oncology
OID21230	Q8WUX2	CHAC2	Oncology
OID21231	Q9Y223	GNE	Oncology
OID21232	P04637	TP53	Oncology
OID21233	Q06787	FMR1	Oncology
OID21234	P55008	AIF1	Oncology
OID21235	Q9Y639	NPTN	Oncology
OID21236	Q9BUE0	MED18	Oncology
OID21238	P30260	CDC27	Oncology
OID21239	Q01543	FLI1	Oncology
OID21240	O00186	STXBP3	Oncology
OID21241	Q6P2H3	CEP85	Oncology
OID21242	Q16772	GSTA3	Oncology
OID21243	Q8TD06	AGR3	Oncology
OID21244	P15121	AKR1B1	Oncology
OID21245	P40198	CEACAM3	Oncology
OID21246	Q8WYN0	ATG4A	Oncology
OID21247	P14136	GFAP	Oncology
OID21248	P01229	LHB	Oncology
OID21249	Q9BSW2	CRACR2A	Oncology
OID21250	Q9UQB8	BAIAP2	Oncology
OID21251	Q6UX82	LYPD8	Oncology
OID21252	Q9UHF1	EGFL7	Oncology
OID21253	Q99683	MAP3K5	Oncology
OID21254	Q96DU3	SLAMF6	Oncology
OID21255	P42331	ARHGAP25	Oncology
OID21256	P35637	FUS	Oncology
OID21257	P06850	CRH	Oncology
OID21258	Q8IUK5	PLXDC1	Oncology
OID21259	P55789	GFER	Oncology
OID21260	Q9Y5L3	ENTPD2	Oncology
OID21261	P0CG37	CFC1	Oncology
OID21262	Q96PQ0	SORCS2	Oncology
OID21263	P01275	GCG	Oncology
OID21264	Q9NX58	LYAR	Oncology
OID21265	P10747	CD28	Oncology
OID21266	O60760	HPGDS	Oncology
OID21267	Q13145	BAMBI	Oncology
OID21268	O14713	ITGB1BP1	Oncology
OID21269	P09110	ACAA1	Oncology
OID21270	P51580	TPMT	Oncology
OID21271	O43524	FOXO3	Oncology
OID21272	P36888	FLT3	Oncology
OID21273	Q9BQ51	PDCD1LG2	Oncology
OID21274	P08069	IGF1R	Oncology
OID21275	Q8TE58	ADAMTS15	Oncology
OID21277	P51692	STAT5B	Oncology
OID21278	Q15427	SF3B4	Oncology
OID21279	Q9UHD8	SEPTIN9	Oncology
OID21280	P00519	ABL1	Oncology
OID21281	Q5VIR6	VPS53	Oncology
OID21282	Q9BYE9	CDHR2	Oncology
OID21283	P61218	POLR2F	Oncology
OID21284	Q86WD7	SERPINA9	Oncology
OID21285	Q9Y6A5	TACC3	Oncology
OID21286	Q9NUY8	TBC1D23	Oncology
OID21287	O95831	AIFM1	Oncology
OID21288	P34949	MPI	Oncology
OID21289	Q6UXD5	SEZ6L2	Oncology
OID21290	Q7L5N7	LPCAT2	Oncology
OID21291	Q9UKR3	KLK13	Oncology
OID21292	Q9GZY6	LAT2	Oncology
OID21293	Q07954	LRP1	Oncology
OID21294	Q9Y653	ADGRG1	Oncology
OID21295	P55273	CDKN2D	Oncology
OID21296	P05783	KRT18	Oncology
OID21297	P10606	COX5B	Oncology
OID21298	Q9UJ71	CD207	Oncology
OID21299	O94760	DDAH1	Oncology
OID21301	P17948	FLT1	Oncology
OID21302	O75695	RP2	Oncology
OID21303	Q9Y662	HS3ST3B1	Oncology
OID21304	O00233	PSMD9	Oncology
OID21305	Q9H4A9	DPEP2	Oncology
OID21306	P05937	CALB1	Oncology
OID21307	P08473	MME	Oncology
OID21308	P50583	NUDT2	Oncology
OID21309	Q9HAV7	GRPEL1	Oncology
OID21310	O95498	VNN2	Oncology
OID21311	Q9BTE6	AARSD1	Oncology
OID21312	O75054	IGSF3	Oncology
OID21313	Q9UK85	DKKL1	Oncology
OID21314	O15357	INPPL1	Oncology
OID21315	P18627	LAG3	Oncology
OID21316	P28907	CD38	Oncology
OID21317	Q8N129	CNPY4	Oncology
OID21318	Q49AH0	CDNF	Oncology
OID21319	P38936	CDKN1A	Oncology
OID21320	Q96EK5	KIFBP	Oncology
OID21321	Q7Z5A7	TAFA5	Oncology
OID21322	Q11201	ST3GAL1	Oncology
OID21323	Q96RT1	ERBIN	Oncology
OID21324	P37108	SRP14	Oncology
OID21325	Q86SJ6	DSG4	Oncology
OID21326	Q12846	STX4	Oncology
OID21327	P29459_P29460	IL12A_IL12B	Oncology
OID21328	Q8IX05	CD302	Oncology
OID21329	Q9C0C4	SEMA4C	Oncology
OID21330	O00451	GFRA2	Oncology
OID21331	P15848	ARSB	Oncology
OID21332	O14828	SCAMP3	Oncology
OID21333	Q8N386	LRRC25	Oncology
OID21334	Q13561	DCTN2	Oncology
OID21335	P55039	DRG2	Oncology
OID21336	Q9BSL1	UBAC1	Oncology
OID21337	Q14241	ELOA	Oncology
OID21338	Q9BS26	ERP44	Oncology
OID21339	Q96I82	KAZALD1	Oncology
OID21340	Q6UWW8	CES3	Oncology
OID21341	Q9Y5K8	ATP6V1D	Oncology
OID21342	P29317	EPHA2	Oncology
OID21343	Q9BSG5	RTBDN	Oncology
OID21344	O43570	CA12	Oncology
OID21345	P49441	INPP1	Oncology
OID21346	P07949	RET	Oncology
OID21347	Q9Y570	PPME1	Oncology
OID21348	P07947	YES1	Oncology
OID21349	Q8N9I9	DTX3	Oncology
OID21350	P07948	LYN	Oncology
OID21351	O75144	ICOSLG	Oncology
OID21352	P23515	OMG	Oncology
OID21353	Q99717	SMAD5	Oncology
OID21354	P42658	DPP6	Oncology
OID21355	Q8NEZ2	VPS37A	Oncology
OID21356	O60825	PFKFB2	Oncology
OID21357	P15514	AREG	Oncology
OID21358	O00592	PODXL	Oncology
OID21359	Q7Z5R6	APBB1IP	Oncology
OID21360	Q9NZT2	OGFR	Oncology
OID21361	Q13576	IQGAP2	Oncology
OID21362	Q9UBM4	OPTC	Oncology
OID21363	P25685	DNAJB1	Oncology
OID21364	P98073	TMPRSS15	Oncology
OID21365	P50120	RBP2	Oncology
OID21366	O00748	CES2	Oncology
OID21367	O60763	USO1	Oncology
OID21368	O00622	CCN1	Oncology
OID21369	P82980	RBP5	Oncology
OID21370	Q86SJ2	AMIGO2	Oncology
OID21371	Q86SR1	GALNT10	Oncology
OID21372	P58499	FAM3B	Oncology
OID21373	O15263	DEFB4A_DEFB4B	Oncology
OID21374	P80511	S100A12	Oncology
OID21375	Q8IXJ6	SIRT2	Oncology
OID21376	Q99795	GPA33	Oncology
OID21377	Q86SF2	GALNT7	Oncology
OID21378	Q8WXI7	MUC16	Oncology
OID21379	Q02742	GCNT1	Oncology
OID21380	Q13421	MSLN	Oncology
OID21381	Q7Z5L0	VMO1	Oncology
OID21382	Q99536	VAT1	Oncology
OID21383	P05187	ALPP	Oncology
OID21384	Q16653	MOG	Oncology
OID21385	P08397	HMBS	Oncology
OID21386	Q9NTU7	CBLN4	Oncology
OID21387	Q9P1Z2	CALCOCO1	Oncology
OID21388	P01303	NPY	Oncology
OID21389	Q14213_Q8NEV9	EBI3_IL27	Oncology
OID21390	Q9Y336	SIGLEC9	Oncology
OID21391	Q9Y5K2	KLK4	Oncology
OID21392	P16870	CPE	Oncology
OID21393	P26010	ITGB7	Oncology
OID21394	O43699	SIGLEC6	Oncology
OID21395	Q9UJM8	HAO1	Oncology
OID21396	Q15116	PDCD1	Oncology
OID21397	Q9H6S3	EPS8L2	Oncology
OID21398	P47992	XCL1	Oncology
OID21399	Q14203	DCTN1	Oncology
OID21400	P13521	SCG2	Oncology
OID21401	Q9ULX7	CA14	Oncology
OID21402	Q9NSA1	FGF21	Oncology
OID21403	O43715	TRIAP1	Oncology
OID21404	P30041	PRDX6	Oncology
OID21405	O60911	CTSV	Oncology
OID21406	P47929	LGALS7_LGALS7B	Oncology
OID21407	Q9P0G3	KLK14	Oncology
OID21408	O14558	HSPB6	Oncology
OID21409	Q9H156	SLITRK2	Oncology
OID21410	Q9C005	DPY30	Oncology
OID21411	Q9GZV9	FGF23	Oncology
OID21412	O43827	ANGPTL7	Oncology
OID21413	P02760	AMBP	Oncology
OID21414	Q14790	CASP8	Oncology
OID21415	Q9BXY4	RSPO3	Oncology
OID21416	P06756	ITGAV	Oncology
OID21417	Q16790	CA9	Oncology
OID21418	Q496F6	CD300E	Oncology
OID21419	Q9H6B4	CLMP	Oncology
OID21420	P20472	PVALB	Oncology
OID21421	Q6PCB0	VWA1	Oncology
OID21422	Q96D42	HAVCR1	Oncology
OID21423	Q10471	GALNT2	Oncology
OID21424	Q9BZR6	RTN4R	Oncology
OID21425	Q96I15	SCLY	Oncology
OID21426	Q02246	CNTN2	Oncology
OID21427	Q9UBG3	CRNN	Oncology
OID21428	P98082	DAB2	Oncology
OID21429	Q96JA1	LRIG1	Oncology
OID21431	P40121	CAPG	Oncology
OID21432	Q9NPH0	ACP6	Oncology
OID21433	P09105	HBQ1	Oncology
OID21434	P27695	APEX1	Oncology
OID21435	Q9H3G5	CPVL	Oncology
OID21436	Q96NA2	RILP	Oncology
OID21437	P50579	METAP2	Oncology
OID21438	P35052	GPC1	Oncology
OID21439	P39900	MMP12	Oncology
OID21440	P13726	F3	Oncology
OID21441	O60243	HS6ST1	Oncology
OID21442	Q16595	FXN	Oncology
OID21443	Q2VWP7	PRTG	Oncology
OID21444	O95388	CCN4	Oncology
OID21445	P05089	ARG1	Oncology
OID21446	Q9NS68	TNFRSF19	Oncology
OID21447	P09758	TACSTD2	Oncology
OID21448	P80303	NUCB2	Oncology
OID21449	P06127	CD5	Oncology
OID21450	Q6UWN8	SPINK6	Oncology
OID21451	Q9HAV5	EDA2R	Oncology
OID21452	P09960	LTA4H	Oncology
OID21453	Q00796	SORD	Oncology
OID21454	O00292	LEFTY2	Oncology
OID21455	P51858	HDGF	Oncology
OID21456	P16562	CRISP2	Oncology
OID21457	P56159	GFRA1	Oncology
OID21458	P62166	NCS1	Oncology
OID21459	Q16775	HAGH	Oncology
OID21460	P32926	DSG3	Oncology
OID21461	Q9H4F8	SMOC1	Oncology
OID21462	Q8WWY7	WFDC12	Oncology
OID21463	O15123	ANGPT2	Oncology
OID21464	Q9Y5W5	WIF1	Oncology
OID21465	Q99075	HBEGF	Oncology
OID21466	P80075	CCL8	Oncology
OID21467	P35318	ADM	Oncology
OID21468	P35475	IDUA	Oncology
OID21469	Q8TDQ1	CD300LF	Oncology
OID21470	Q16543	CDC37	Oncology
OID21471	O43464	HTRA2	Oncology
OID21472	P20138	CD33	Oncology
OID21473	Q8NCC3	PLA2G15	Oncology
OID21474	Q96PD2	DCBLD2	Oncology
OID21475	O14974	PPP1R12A	Oncology
OID21476	O00244	ATOX1	Oncology
OID21477	Q5JTD0	TJAP1	Oncology
OID21478	P21802	FGFR2	Oncology
OID21479	Q96SM3	CPXM1	Oncology
OID21480	Q7Z4W1	DCXR	Oncology
OID21481	P20851	C4BPB	Oncology
OID21482	Q9NP84	TNFRSF12A	Oncology
OID21483	P29017	CD1C	Oncology
OID21484	P32004	L1CAM	Oncology
OID21485	P41439	FOLR3	Oncology
OID21486	P41271	NBL1	Oncology
OID21487	Q9NZ53	PODXL2	Oncology
OID21488	Q9BYH1	SEZ6L	Oncology
OID21489	P21741	MDK	Oncology
OID21490	Q96NY8	NECTIN4	Oncology
OID21491	P35916	FLT4	Oncology
OID21492	Q9H8J5	MANSC1	Oncology
OID21493	P37173	TGFBR2	Oncology
OID21494	Q92832	NELL1	Oncology
OID21495	Q96J42	TXNDC15	Oncology
OID21496	Q02763	TEK	Oncology
OID21497	P35968	KDR	Oncology
OID21498	P21589	NT5E	Oncology
OID21499	P06870	KLK1	Oncology
OID21500	Q9UBX1	CTSF	Oncology
OID21501	Q6FI81	CIAPIN1	Oncology
OID21502	Q9UP79	ADAMTS8	Oncology
OID21503	Q9HAT2	SIAE	Oncology
OID21504	P78552	IL13RA1	Oncology
OID21505	Q14508	WFDC2	Oncology
OID21506	O95721	SNAP29	Oncology
OID21507	Q14512	FGFBP1	Oncology
OID21508	O43895	XPNPEP2	Oncology
OID21509	P07237	P4HB	Oncology
OID21510	Q15303	ERBB4	Oncology
OID21511	P09486	SPARC	Oncology
OID21512	P48307	TFPI2	Oncology
OID21513	Q9UJ68	MSRA	Oncology
OID21514	P09958	FURIN	Oncology
OID21515	O75629	CREG1	Oncology
OID21516	P01298	PPY	Oncology
OID21517	O60259	KLK8	Oncology
OID21518	Q9UBX7	KLK11	Oncology
OID21519	P26447	S100A4	Oncology
OID21520	P04626	ERBB2	Oncology
OID21521	P12931	SRC	Oncology
OID21522	P18084	ITGB5	Oncology
OID21523	O43240	KLK10	Oncology
OID21524	P49767	VEGFC	Oncology
OID21525	O00548	DLL1	Oncology
OID21526	Q92876	KLK6	Oncology
OID21527	P26842	CD27	Oncology
OID21528	P13688	CEACAM1	Oncology
OID21529	P15328	FOLR1	Oncology
OID21530	O95274	LYPD3	Oncology
OID21531	Q16674	MIA	Oncology
